Workbook

Sheet lương
A1: Lương | B1: miễn trừ gia cảnh | C1: lương đóng thuê | D1: bậc | E1: % | F1: mức | G1: mức chịu thuế tối đa ở bậc | H1: hệ sô hiệu chỉnh | I1: tổng cộng | J1: phải nộp
A2: =A3*10^6 -> 37377049 | B2: 9000000 | C2: =A2-SUM(B2:B4) -> 18000000 | D2: 1 | E2: 0.05 | F2: 5000000 | G2: =E2*F2 -> 250000 | H2: 0 | I2: =$C$2>F2 -> TRUE | J2: {=C2*INDEX(E2:E8,COUNTIF(I2:I8,TRUE))-INDEX(H2:H8,COUNTIF(I2:I8,TRUE))} -> 1950000
A3: 37.377049 | B3: 7200000 | D3: 2 | E3: 0.1 | F3: 10000000 | G3: =E3*(F3-F2) -> 500000 | H3: =E3*F2-SUM(OFFSET($G$2,0,0,D3-1)) -> 250000 | I3: =$C$2>F3 -> TRUE
B4: =A2*(7+1.5)/100 -> 3177049.2 | D4: 3 | E4: 0.15 | F4: 18000000 | G4: =E4*(F4-F3) -> 1200000 | H4: =E4*F3-SUM(OFFSET($G$2,0,0,D4-1)) -> 750000 | I4: =$C$2>F4 -> FALSE
D5: 4 | E5: 0.2 | F5: 32000000 | G5: =E5*(F5-F4) -> 2800000 | H5: =E5*F4-SUM(OFFSET($G$2,0,0,D5-1)) -> 1650000 | I5: =$C$2>F5 -> FALSE
D6: 5 | E6: 0.25 | F6: 52000000 | G6: =E6*(F6-F5) -> 5000000 | H6: =E6*F5-SUM(OFFSET($G$2,0,0,D6-1)) -> 3250000 | I6: =$C$2>F6 -> FALSE
D7: 6 | E7: 0.3 | F7: 80000000 | G7: =E7*(F7-F6) -> 8400000 | H7: =E7*F6-SUM(OFFSET($G$2,0,0,D7-1)) -> 5850000 | I7: =$C$2>F7 -> FALSE
D8: 7 | E8: 0.35 | G8: =E8*(F8-F7) -> -28000000 | H8: =E8*F7-SUM(OFFSET($G$2,0,0,D8-1)) -> 9850000 | I8: =$C$2>F8 -> TRUE

Sheet tính toán thêm
A1: {=lương!D2:F8} -> 1 | B1: 0.05 | C1: 5000000 | D1: {=lương!H2:H8} -> 0 | G1: lương | H1: lương x10^6 | I1: lương đóng thuế | J1: lương đóng thuế | S1: thuế thu nhập cá nhân | T1: bảo hiểm xã hội G * 8.5/100 | U1: phải đóng T+ S | V1: khoản tăng 17% trên mỗi đồng | W1: u<V | X1: s<V
A2: 2 | B2: 0.1 | C2: 10000000 | D2: 250000 | F2: 200 | G2: {=_xlfn.SEQUENCE(F2,1,5,1)} -> 5 | H2: {=_xlfn.ANCHORARRAY(G2)*10^6} -> 5000000 | I2: {=(_xlfn.ANCHORARRAY(G2)-9-7-_xlfn.ANCHORARRAY(G2)*8.5/100)*10^6} -> -11425000 | J2: =MAX(0,I2) -> 0 | K2: {=TRANSPOSE(I2>$C$1:$C$7)} -> FALSE | L2: FALSE | M2: FALSE | N2: FALSE | O2: FALSE | P2: FALSE | Q2: FALSE | R2: =COUNTIF(_xlfn.ANCHORARRAY(K2),TRUE) -> 0 | S2: {=MAX(0,J2*INDEX($B$1:$B$7,COUNTIF(_xlfn.ANCHORARRAY($K$2),TRUE))-INDEX(_xlfn.ANCHORARRAY($D$1),COUNTIF(_xlfn.ANCHORARRAY($K$2),TRUE)))} -> 0 | T2: {=_xlfn.ANCHORARRAY(H2)*8.5/100} -> 425000 | U2: =SUM(S2:T2) -> 425000 | V2: {=_xlfn.ANCHORARRAY(H2)*17/100} -> 850000 | W2: =U2<V2 -> TRUE | X2: =S2<V2 -> TRUE
A3: 3 | B3: 0.15 | C3: 18000000 | D3: 750000 | G3: 6 | H3: 6000000 | I3: -10510000 | J3: =MAX(0,I3) -> 0 | K3: {=TRANSPOSE(I3>$C$1:$C$7)} -> FALSE | L3: FALSE | M3: FALSE | N3: FALSE | O3: FALSE | P3: FALSE | Q3: FALSE | R3: =COUNTIF(_xlfn.ANCHORARRAY(K3),TRUE) -> 0 | S3: {=MAX(0,J3*INDEX($B$1:$B$7,COUNTIF(_xlfn.ANCHORARRAY($K$2),TRUE))-INDEX(_xlfn.ANCHORARRAY($D$1),COUNTIF(_xlfn.ANCHORARRAY($K$2),TRUE)))} -> 0 | T3: 510000 | U3: =SUM(S3:T3) -> 510000 | V3: 1020000 | W3: =U3<V3 -> TRUE | X3: =S3<V3 -> TRUE
A4: 4 | B4: 0.2 | C4: 32000000 | D4: 1650000 | G4: 7 | H4: 7000000 | I4: -9595000 | J4: =MAX(0,I4) -> 0 | K4: {=TRANSPOSE(I4>$C$1:$C$7)} -> FALSE | L4: FALSE | M4: FALSE | N4: FALSE | O4: FALSE | P4: FALSE | Q4: FALSE | R4: =COUNTIF(_xlfn.ANCHORARRAY(K4),TRUE) -> 0 | S4: {=MAX(0,J4*INDEX($B$1:$B$7,COUNTIF(_xlfn.ANCHORARRAY($K$2),TRUE))-INDEX(_xlfn.ANCHORARRAY($D$1),COUNTIF(_xlfn.ANCHORARRAY($K$2),TRUE)))} -> 0 | T4: 595000 | U4: =SUM(S4:T4) -> 595000 | V4: 1190000 | W4: =U4<V4 -> TRUE | X4: =S4<V4 -> TRUE
A5: 5 | B5: 0.25 | C5: 52000000 | D5: 3250000 | G5: 8 | H5: 8000000 | I5: -8680000 | J5: =MAX(0,I5) -> 0 | K5: {=TRANSPOSE(I5>$C$1:$C$7)} -> FALSE | L5: FALSE | M5: FALSE | N5: FALSE | O5: FALSE | P5: FALSE | Q5: FALSE | R5: =COUNTIF(_xlfn.ANCHORARRAY(K5),TRUE) -> 0 | S5: {=MAX(0,J5*INDEX($B$1:$B$7,COUNTIF(_xlfn.ANCHORARRAY($K$2),TRUE))-INDEX(_xlfn.ANCHORARRAY($D$1),COUNTIF(_xlfn.ANCHORARRAY($K$2),TRUE)))} -> 0 | T5: 680000 | U5: =SUM(S5:T5) -> 680000 | V5: 1360000 | W5: =U5<V5 -> TRUE | X5: =S5<V5 -> TRUE
A6: 6 | B6: 0.3 | C6: 80000000 | D6: 5850000 | G6: 9 | H6: 9000000 | I6: -7765000 | J6: =MAX(0,I6) -> 0 | K6: {=TRANSPOSE(I6>$C$1:$C$7)} -> FALSE | L6: FALSE | M6: FALSE | N6: FALSE | O6: FALSE | P6: FALSE | Q6: FALSE | R6: =COUNTIF(_xlfn.ANCHORARRAY(K6),TRUE) -> 0 | S6: {=MAX(0,J6*INDEX($B$1:$B$7,COUNTIF(_xlfn.ANCHORARRAY($K$2),TRUE))-INDEX(_xlfn.ANCHORARRAY($D$1),COUNTIF(_xlfn.ANCHORARRAY($K$2),TRUE)))} -> 0 | T6: 765000 | U6: =SUM(S6:T6) -> 765000 | V6: 1530000 | W6: =U6<V6 -> TRUE | X6: =S6<V6 -> TRUE
A7: 7 | B7: 0.35 | C7: 0 | D7: 9850000 | G7: 10 | H7: 10000000 | I7: -6850000 | J7: =MAX(0,I7) -> 0 | K7: {=TRANSPOSE(I7>$C$1:$C$7)} -> FALSE | L7: FALSE | M7: FALSE | N7: FALSE | O7: FALSE | P7: FALSE | Q7: FALSE | R7: =COUNTIF(_xlfn.ANCHORARRAY(K7),TRUE) -> 0 | S7: {=MAX(0,J7*INDEX($B$1:$B$7,COUNTIF(_xlfn.ANCHORARRAY($K$2),TRUE))-INDEX(_xlfn.ANCHORARRAY($D$1),COUNTIF(_xlfn.ANCHORARRAY($K$2),TRUE)))} -> 0 | T7: 850000 | U7: =SUM(S7:T7) -> 850000 | V7: 1700000 | W7: =U7<V7 -> TRUE | X7: =S7<V7 -> TRUE
G8: 11 | H8: 11000000 | I8: -5935000 | J8: =MAX(0,I8) -> 0 | K8: {=TRANSPOSE(I8>$C$1:$C$7)} -> FALSE | L8: FALSE | M8: FALSE | N8: FALSE | O8: FALSE | P8: FALSE | Q8: FALSE | R8: =COUNTIF(_xlfn.ANCHORARRAY(K8),TRUE) -> 0 | S8: {=MAX(0,J8*INDEX($B$1:$B$7,COUNTIF(_xlfn.ANCHORARRAY($K$2),TRUE))-INDEX(_xlfn.ANCHORARRAY($D$1),COUNTIF(_xlfn.ANCHORARRAY($K$2),TRUE)))} -> 0 | T8: 935000 | U8: =SUM(S8:T8) -> 935000 | V8: 1870000 | W8: =U8<V8 -> TRUE | X8: =S8<V8 -> TRUE
G9: 12 | H9: 12000000 | I9: -5020000 | J9: =MAX(0,I9) -> 0 | K9: {=TRANSPOSE(I9>$C$1:$C$7)} -> FALSE | L9: FALSE | M9: FALSE | N9: FALSE | O9: FALSE | P9: FALSE | Q9: FALSE | R9: =COUNTIF(_xlfn.ANCHORARRAY(K9),TRUE) -> 0 | S9: {=MAX(0,J9*INDEX($B$1:$B$7,COUNTIF(_xlfn.ANCHORARRAY($K$2),TRUE))-INDEX(_xlfn.ANCHORARRAY($D$1),COUNTIF(_xlfn.ANCHORARRAY($K$2),TRUE)))} -> 0 | T9: 1020000 | U9: =SUM(S9:T9) -> 1020000 | V9: 2040000 | W9: =U9<V9 -> TRUE | X9: =S9<V9 -> TRUE
G10: 13 | H10: 13000000 | I10: -4105000 | J10: =MAX(0,I10) -> 0 | K10: {=TRANSPOSE(I10>$C$1:$C$7)} -> FALSE | L10: FALSE | M10: FALSE | N10: FALSE | O10: FALSE | P10: FALSE | Q10: FALSE | R10: =COUNTIF(_xlfn.ANCHORARRAY(K10),TRUE) -> 0 | S10: {=MAX(0,J10*INDEX($B$1:$B$7,COUNTIF(_xlfn.ANCHORARRAY($K$2),TRUE))-INDEX(_xlfn.ANCHORARRAY($D$1),COUNTIF(_xlfn.ANCHORARRAY($K$2),TRUE)))} -> 0 | T10: 1105000 | U10: =SUM(S10:T10) -> 1105000 | V10: 2210000 | W10: =U10<V10 -> TRUE | X10: =S10<V10 -> TRUE
G11: 14 | H11: 14000000 | I11: -3190000 | J11: =MAX(0,I11) -> 0 | K11: {=TRANSPOSE(I11>$C$1:$C$7)} -> FALSE | L11: FALSE | M11: FALSE | N11: FALSE | O11: FALSE | P11: FALSE | Q11: FALSE | R11: =COUNTIF(_xlfn.ANCHORARRAY(K11),TRUE) -> 0 | S11: {=MAX(0,J11*INDEX($B$1:$B$7,COUNTIF(_xlfn.ANCHORARRAY($K$2),TRUE))-INDEX(_xlfn.ANCHORARRAY($D$1),COUNTIF(_xlfn.ANCHORARRAY($K$2),TRUE)))} -> 0 | T11: 1190000 | U11: =SUM(S11:T11) -> 1190000 | V11: 2380000 | W11: =U11<V11 -> TRUE | X11: =S11<V11 -> TRUE
G12: 15 | H12: 15000000 | I12: -2275000 | J12: =MAX(0,I12) -> 0 | K12: {=TRANSPOSE(I12>$C$1:$C$7)} -> FALSE | L12: FALSE | M12: FALSE | N12: FALSE | O12: FALSE | P12: FALSE | Q12: FALSE | R12: =COUNTIF(_xlfn.ANCHORARRAY(K12),TRUE) -> 0 | S12: {=MAX(0,J12*INDEX($B$1:$B$7,COUNTIF(_xlfn.ANCHORARRAY($K$2),TRUE))-INDEX(_xlfn.ANCHORARRAY($D$1),COUNTIF(_xlfn.ANCHORARRAY($K$2),TRUE)))} -> 0 | T12: 1275000 | U12: =SUM(S12:T12) -> 1275000 | V12: 2550000 | W12: =U12<V12 -> TRUE | X12: =S12<V12 -> TRUE
G13: 16 | H13: 16000000 | I13: -1360000 | J13: =MAX(0,I13) -> 0 | K13: {=TRANSPOSE(I13>$C$1:$C$7)} -> FALSE | L13: FALSE | M13: FALSE | N13: FALSE | O13: FALSE | P13: FALSE | Q13: FALSE | R13: =COUNTIF(_xlfn.ANCHORARRAY(K13),TRUE) -> 0 | S13: {=MAX(0,J13*INDEX($B$1:$B$7,COUNTIF(_xlfn.ANCHORARRAY($K$2),TRUE))-INDEX(_xlfn.ANCHORARRAY($D$1),COUNTIF(_xlfn.ANCHORARRAY($K$2),TRUE)))} -> 0 | T13: 1360000 | U13: =SUM(S13:T13) -> 1360000 | V13: 2720000 | W13: =U13<V13 -> TRUE | X13: =S13<V13 -> TRUE
G14: 17 | H14: 17000000 | I14: -445000 | J14: =MAX(0,I14) -> 0 | K14: {=TRANSPOSE(I14>$C$1:$C$7)} -> FALSE | L14: FALSE | M14: FALSE | N14: FALSE | O14: FALSE | P14: FALSE | Q14: FALSE | R14: =COUNTIF(_xlfn.ANCHORARRAY(K14),TRUE) -> 0 | S14: {=MAX(0,J14*INDEX($B$1:$B$7,COUNTIF(_xlfn.ANCHORARRAY($K$2),TRUE))-INDEX(_xlfn.ANCHORARRAY($D$1),COUNTIF(_xlfn.ANCHORARRAY($K$2),TRUE)))} -> 0 | T14: 1445000 | U14: =SUM(S14:T14) -> 1445000 | V14: 2890000 | W14: =U14<V14 -> TRUE | X14: =S14<V14 -> TRUE
G15: 18 | H15: 18000000 | I15: 470000 | J15: =MAX(0,I15) -> 470000 | K15: {=TRANSPOSE(I15>$C$1:$C$7)} -> FALSE | L15: FALSE | M15: FALSE | N15: FALSE | O15: FALSE | P15: FALSE | Q15: TRUE | R15: =COUNTIF(_xlfn.ANCHORARRAY(K15),TRUE) -> 1 | S15: {=MAX(0,J15*INDEX($B$1:$B$7,COUNTIF(_xlfn.ANCHORARRAY($K$2),TRUE))-INDEX(_xlfn.ANCHORARRAY($D$1),COUNTIF(_xlfn.ANCHORARRAY($K$2),TRUE)))} -> 23500 | T15: 1530000 | U15: =SUM(S15:T15) -> 1553500 | V15: 3060000 | W15: =U15<V15 -> TRUE | X15: =S15<V15 -> TRUE
G16: 19 | H16: 19000000 | I16: 1385000 | J16: =MAX(0,I16) -> 1385000 | K16: {=TRANSPOSE(I16>$C$1:$C$7)} -> FALSE | L16: FALSE | M16: FALSE | N16: FALSE | O16: FALSE | P16: FALSE | Q16: TRUE | R16: =COUNTIF(_xlfn.ANCHORARRAY(K16),TRUE) -> 1 | S16: {=MAX(0,J16*INDEX($B$1:$B$7,COUNTIF(_xlfn.ANCHORARRAY($K$2),TRUE))-INDEX(_xlfn.ANCHORARRAY($D$1),COUNTIF(_xlfn.ANCHORARRAY($K$2),TRUE)))} -> 69250 | T16: 1615000 | U16: =SUM(S16:T16) -> 1684250 | V16: 3230000 | W16: =U16<V16 -> TRUE | X16: =S16<V16 -> TRUE
G17: 20 | H17: 20000000 | I17: 2300000 | J17: =MAX(0,I17) -> 2300000 | K17: {=TRANSPOSE(I17>$C$1:$C$7)} -> FALSE | L17: FALSE | M17: FALSE | N17: FALSE | O17: FALSE | P17: FALSE | Q17: TRUE | R17: =COUNTIF(_xlfn.ANCHORARRAY(K17),TRUE) -> 1 | S17: {=MAX(0,J17*INDEX($B$1:$B$7,COUNTIF(_xlfn.ANCHORARRAY($K$2),TRUE))-INDEX(_xlfn.ANCHORARRAY($D$1),COUNTIF(_xlfn.ANCHORARRAY($K$2),TRUE)))} -> 115000 | T17: 1700000 | U17: =SUM(S17:T17) -> 1815000 | V17: 3400000 | W17: =U17<V17 -> TRUE | X17: =S17<V17 -> TRUE
G18: 21 | H18: 21000000 | I18: 3215000 | J18: =MAX(0,I18) -> 3215000 | K18: {=TRANSPOSE(I18>$C$1:$C$7)} -> FALSE | L18: FALSE | M18: FALSE | N18: FALSE | O18: FALSE | P18: FALSE | Q18: TRUE | R18: =COUNTIF(_xlfn.ANCHORARRAY(K18),TRUE) -> 1 | S18: {=MAX(0,J18*INDEX($B$1:$B$7,COUNTIF(_xlfn.ANCHORARRAY($K$2),TRUE))-INDEX(_xlfn.ANCHORARRAY($D$1),COUNTIF(_xlfn.ANCHORARRAY($K$2),TRUE)))} -> 160750 | T18: 1785000 | U18: =SUM(S18:T18) -> 1945750 | V18: 3570000 | W18: =U18<V18 -> TRUE | X18: =S18<V18 -> TRUE
G19: 22 | H19: 22000000 | I19: 4130000 | J19: =MAX(0,I19) -> 4130000 | K19: {=TRANSPOSE(I19>$C$1:$C$7)} -> FALSE | L19: FALSE | M19: FALSE | N19: FALSE | O19: FALSE | P19: FALSE | Q19: TRUE | R19: =COUNTIF(_xlfn.ANCHORARRAY(K19),TRUE) -> 1 | S19: {=MAX(0,J19*INDEX($B$1:$B$7,COUNTIF(_xlfn.ANCHORARRAY($K$2),TRUE))-INDEX(_xlfn.ANCHORARRAY($D$1),COUNTIF(_xlfn.ANCHORARRAY($K$2),TRUE)))} -> 206500 | T19: 1870000 | U19: =SUM(S19:T19) -> 2076500 | V19: 3740000 | W19: =U19<V19 -> TRUE | X19: =S19<V19 -> TRUE
... G201: 204 | H201: 204000000 | I201: 170660000 | J201: =MAX(0,I201) -> 170660000 | K201: {=TRANSPOSE(I201>$C$1:$C$7)} -> TRUE | L201: TRUE | M201: TRUE | N201: TRUE | O201: TRUE | P201: TRUE | Q201: TRUE | R201: =COUNTIF(_xlfn.ANCHORARRAY(K201),TRUE) -> 7 | S201: {=MAX(0,J201*INDEX($B$1:$B$7,COUNTIF(_xlfn.ANCHORARRAY($K$2),TRUE))-INDEX(_xlfn.ANCHORARRAY($D$1),COUNTIF(_xlfn.ANCHORARRAY($K$2),TRUE)))} -> 49881000 | T201: 17340000 | U201: =SUM(S201:T201) -> 67221000 | V201: 34680000 | W201: =U201<V201 -> FALSE | X201: =S201<V201 -> FALSE

Sheet viz
A1: lương | B1: thuế thu nhập cá nhân | C1: bảo hiểm xã hội | D1: phải đóng | E1: khoản tăng 17% trên mỗi đồng
A2: {=_xlfn.ANCHORARRAY('tính toán thêm'!G2)} -> 5 | B2: {=OFFSET('tính toán thêm'!S1,1,0,'tính toán thêm'!F2)} -> 0 | C2: {=_xlfn.ANCHORARRAY('tính toán thêm'!T2)} -> 425000 | D2: {=OFFSET('tính toán thêm'!S1,1,2,'tính toán thêm'!F2)} -> 425000 | E2: {=_xlfn.ANCHORARRAY('tính toán thêm'!V2)} -> 850000
A3: 6 | B3: 0 | C3: 510000 | D3: 510000 | E3: 1020000
A4: 7 | B4: 0 | C4: 595000 | D4: 595000 | E4: 1190000
A5: 8 | B5: 0 | C5: 680000 | D5: 680000 | E5: 1360000
A6: 9 | B6: 0 | C6: 765000 | D6: 765000 | E6: 1530000
A7: 10 | B7: 0 | C7: 850000 | D7: 850000 | E7: 1700000
A8: 11 | B8: 0 | C8: 935000 | D8: 935000 | E8: 1870000
A9: 12 | B9: 0 | C9: 1020000 | D9: 1020000 | E9: 2040000
A10: 13 | B10: 0 | C10: 1105000 | D10: 1105000 | E10: 2210000
A11: 14 | B11: 0 | C11: 1190000 | D11: 1190000 | E11: 2380000
A12: 15 | B12: 0 | C12: 1275000 | D12: 1275000 | E12: 2550000
A13: 16 | B13: 0 | C13: 1360000 | D13: 1360000 | E13: 2720000
A14: 17 | B14: 0 | C14: 1445000 | D14: 1445000 | E14: 2890000
... A201: 204 | B201: 49881000 | C201: 17340000 | D201: 67221000 | E201: 34680000
